[
    {
        "id": 1,
        "title": "Mini chicken biryani",
        "price": 109.00,
        "description": "mini chicken biryani with one piece with tastefully cooked in a rich mix of long grain rice and dry fruits",
      
        "image": "https://cdn.pixabay.com/photo/2023/10/19/11/18/biryani-8326234_1280.jpg"
    },
    {
        "id": 2,
        "title": "Mini mutton biryani ",
        "price": 222.00,
        "description": "mini mutton biryani with one piece with tastefully cooked in a rich mix of long grain rice and dry fruits",
       
        "image": "https://cdn.pixabay.com/photo/2022/06/14/18/59/mutton-biryani-7262663_1280.jpg"
       
    },
    {
        "id": 3,
        "title": "mutton biryani full",
        "price": 555.00,
        "description": "serves 1-2 person mutton biryani with one piece with tastefully cooked in a rich mix of long grain rice and dry fruits",
       
        "image": "https://cdn.pixabay.com/photo/2022/06/10/05/32/biryani-platter-7253751_1280.jpg"
      
    },
    {
        "id": 4,
        "title": "chicken biryani full",
        "price": 159.00,
        "description": "serves 1-2 person chicken biryani with one piece with tastefully cooked in a rich mix of long grain rice and dry fruits",
        "image": "https://cdn.pixabay.com/photo/2022/03/02/12/40/dish-7043064_1280.jpg"
        
    },
    {
        "id": 5,
        "title": "chicken biryani family",
        "price": 695.00,
        "description": "serves 3-4 person chicken biryani with one piece with tastefully cooked in a rich mix of long grain rice and dry fruits",
        "image": "https://cdn.pixabay.com/photo/2019/11/04/12/16/rice-4601049_1280.jpg"
    },
    {
        "id": 6,
        "title": "mutton biryani family ",
        "price": 689.00,
        "description": "serves 3-4 person mutton biryani with 7-8 pieces with tastefully cooked in a rich mix of long grain rice and dry fruits",
        "image": "https://cdn.pixabay.com/photo/2022/02/12/15/05/biryani-7009127_1280.jpg"
    },
    {
        "id": 7,
        "title": "mini prawns biryani",
        "price": 199.00,
        "description": "prawns biryani with tastefully cooked in a rich mix of long grain rice and dry fruits",
        "image": "https://cdn.pixabay.com/photo/2016/06/28/17/37/food-1485024_1280.jpg"
    },
    {
        "id": 8,
        "title": "prans fry ",
        "price": 210.00,
        "description": "serves 1-2 person chicken biryani with one piece with tastefully cooked in a rich mix of long grain rice and dry fruits",
        "image": "https://cdn.pixabay.com/photo/2020/10/18/17/17/meal-5665508_1280.jpg"
    },
    {
        "id": 9,
        "title": "fish biryani full ",
        "price": 164.00,
        "description": "serves 1-2 person chicken biryani with one piece with tastefully cooked in a rich mix of long grain rice and dry fruits",
        "image": "https://cdn.pixabay.com/photo/2022/06/14/18/58/fish-biryani-7262660_1280.jpg"
    },
    {
        "id": 10,
        "title": "mini fry chicken biryani",
        "price": 199.00,
        "description": "serves 1-2 person chicken biryani with one piece with tastefully cooked in a rich mix of long grain rice and dry fruits",
        "image": "https://cdn.pixabay.com/photo/2021/01/22/19/48/chicken-5940975_1280.jpg"
    },
    {
        "id": 11,
        "title": " mini veg biryani",
        "price": 109.00,
        "description": "serves 1-2 person chicken biryani with one piece with tastefully cooked in a rich mix of long grain rice and dry fruits",
        "image": "https://cdn.pixabay.com/photo/2015/05/11/11/46/fried-rice-762362_1280.jpg"
    },
    {
        "id": 12,
        "title": "panner tikka full",
        "price": 249.00,
        "description": "serves 1-2 person chicken biryani with one piece with tastefully cooked in a rich mix of long grain rice and dry fruits",
        "image": "https://cdn.pixabay.com/photo/2020/03/18/07/19/dish-4943028_1280.jpg"
    },
    {
        "id": 13,
        "title": "chicken biryani jumbo",
        "price": 599.00,
        "description": "serves 1-2 person chicken biryani with one piece with tastefully cooked in a rich mix of long grain rice and dry fruits",
        "image": "https://cdn.pixabay.com/photo/2022/02/12/15/03/biryani-7009119_1280.jpg"
    },
    {
        "id": 14,
        "title": "mutton biryani jumbo ",
        "price": 999.00,
        "description": "serves 1-2 person chicken biryani with one piece with tastefully cooked in a rich mix of long grain rice and dry fruits",
        "image": "https://cdn.pixabay.com/photo/2020/09/06/14/07/biryani-5549075_1280.jpg"
    },
    {
        "id": 15,
        "title": "hyderabadi special chicken biryani",
        "price": 256.00,
        "description": "serves 1-2 person chicken biryani with one piece with tastefully cooked in a rich mix of long grain rice and dry fruits",
        "image": "https://cdn.pixabay.com/photo/2022/03/02/12/40/dish-7043065_1280.jpg"
    },
    {
        "id": 16,
        "title": "hyderabadi special mutton biryani",
        "price": 289.00,
        "description": "serves 1-2 person chicken biryani with one piece with tastefully cooked in a rich mix of long grain rice and dry fruits",
        "image": "https://cdn.pixabay.com/photo/2022/02/12/15/00/biryani-7009110_1280.jpg"
    },
    {
        "id": 17,
        "title": "hyderabadi special zafrani chicken biryani",
        "price": 239.00,
        "description": "serves 1-2 person chicken biryani with one piece with tastefully cooked in a rich mix of long grain rice and dry fruits",
        "image": "https://cdn.pixabay.com/photo/2022/11/14/10/22/biryani-7591262_1280.jpg"
    },
    {
        "id": 18,
        "title": "hyderabadi special zafrani mutton biryani ",
        "price": 309.00,
        "description": "serves 1-2 person chicken biryani with one piece with tastefully cooked in a rich mix of long grain rice and dry fruits",
        "image": "https://cdn.pixabay.com/photo/2022/11/14/10/22/biryani-7591262_1280.jpg"
    },
    {
        "id": 19,
        "title": "spcl chicken jucie mandi",
        "price": 450.00,
        "description": "serves 1-2 person chicken biryani with one piece with tastefully cooked in a rich mix of long grain rice and dry fruits",
        "image": "https://cdn.pixabay.com/photo/2022/06/14/18/58/chicken-biryani-7262658_1280.jpg"
    },
    {
        "id": 20,
        "title": "spcl mutton jucie mandi",
        "price": 612.00,
        "description": "serves 1-2 person chicken biryani with one piece with tastefully cooked in a rich mix of long grain rice and dry fruits",
        "image": "https://cdn.pixabay.com/photo/2022/06/14/18/58/salad-7262652_1280.jpg"
    }
]